nom;horaires;tarifs;equipement;adresse;contact;website;lienTarif;explication;lienImage
Piscine Raymond Sommet;Lundi : 16h15-19h. Mardi : 11h15-13h45 et 16h15-21h. Mercredi : 8h-20h. Jeudi : 11h15-13h45 et 16h15-18h. Vendredi : 11h15-21h. Samedi : 8h-18h. Dimanche : 8h-13h.;Adulte : de 3,85€ à 5,40€, abonnement de 34,40€ à 44,40€. Moins de 25 ans : 3,05€, abonnement à 22,75€.;Piscine couverte et chauffée, bassin olympique, bassin d'apprentissage, pataugeoire, fosse à plongeon spécialisée, espace aquatique extérieur ludique.;35 boulevard Jules Janin 42000 Saint-Étienne;Tél : 04 77 43 38 38;https://www.saint-etienne.fr/sports/piscines/piscine-raymond-sommet;http://marketingressources.partouchetechnologies.com/event/TARIFSPISCINE2018.pdf;Bassin de 50 m et d'apprentissage sur 8 lignes de nage, aire de jeux aquatique extèrieure, école de natation municipale, accueil public, clubs...;http://saint-etiennetourisme.com/wp-content/uploads/cache//otsaintetienne/images/460__460__auto__~wp-content~uploads~noesit~medias~206499~raymond-sommet.jpg
Piscine Pierre Poty;Lundi : 11h45-13h45 et 16h-21h. Mardi : 11h45-13h45. Mercredi : 12h-17h. Jeudi : 13h-21h. Vendredi : 8h-14h. Dimanche : 8h-13h. fermée le samedi.;Adulte : de 3,85€ à 5,40€, abonnement de 34,40€ à 44,40€. Moins de 25 ans : 3,05€, abonnement à 22,75€.;Piscine couverte et chaufée.;36 rue du docteur Pierre Poty 42000 Saint-Étienne;;https://www.saint-etienne.fr/sports/piscines/piscine-pierre-poty;http://marketingressources.partouchetechnologies.com/event/TARIFSPISCINE2018.pdf;Bassins de 25 m et d'apprentissage, aire de jeux extérieure, école de natation municipale, accueil public, clubs…;http://saint-etiennetourisme.com/wp-content/uploads/cache//otsaintetienne/images/460__460__auto__~wp-content~uploads~noesit~medias~206501~pierre-poty.jpg
Piscine Grouchy;Du lundi au vendredi : 9h-20h. Samedi : 8h-18h. Dimanche : de 8h-13h.;Adulte : de 3,85€ à 5,40€, abonnement de 34,40€ à 44,40€. Moins de 25 ans : 3,05€, abonnement à 22,75€.;Piscine couverte et chauffée.;179 rue Bergson 42000 Saint-Étienne;Tél : 04 77 74 37 13;https://www.saint-etienne.fr/sports/piscines/piscine-grouchy;http://marketingressources.partouchetechnologies.com/event/TARIFSPISCINE2018.pdf;Bassins de 25 mètres et d'apprentissage, école de natation municipale, accueil public, clubs… ;http://saint-etiennetourisme.com/wp-content/uploads/cache//otsaintetienne/images/460__460__auto__~wp-content~uploads~noesit~medias~206500~piscine-grouchy.jpg
Piscine André Wogenscky;La piscine est ouverte le lundi au vendredi de 12h à 13h50 et de 18h à 20h, le samedi de 12h à 18h et le dimanche de 8h30 à 12h30. ;Adulte : de 2 à 4,60 € (Tarif réduits : étudiants, chômeurs). Enfant : de 1,50 à 3,60 €.;Piscine chauffée et couverte, pataugeoire, sauna, bain à remous, hammam, espace fitness.;1 rue des carrières 42700 Firminy;Tél : 04 77 61 36 59;http://www.ville-firminy.fr/index.php/La%20piscine?idpage=72&idmetacontenu=393;http://www.ville-firminy.fr/index.php/La%20piscine?idpage=72&idmetacontenu=393;Bassin 25 mètres avec 6 lignes d’eau, fosse à plongeon, bassin ludique, pataugeoire et toboggan.;http://saint-etiennetourisme.com/wp-content/uploads/cache//otsaintetienne/images/460__460__auto__~wp-content~uploads~noesit~medias~74028~72-imagebandeau.jpg
Piscine Nautiform;Lundi : 9h45-10h30 et 11h45-13h. Mardi et jeudi : 9h45-10h30, 11h45-13h et 16h30-18h30. Mercredi : 9h45-10h30, 11h45-13h et 15h-17h30. Vendredi : 9h45-10h30, 11h45-13h et 16h30-19h30. Samedi : 11h45-13h et 14h-17h30. Dimanche : 9h-12h;Adulte : de 4,20 à 5,60€. Enfant (4-16 ans) : de 3,40 à 4,80€. Gratuit pour les moins de 4 ans.;Piscine chauffée et couverte, piscine plein air, solarium, bain à remous, pataugeoire. ;36 Rue des Bullieux BP 120 42160 Andrézieux-Bouthéon;Tél : 04 77 55 83 91;http://www.andrezieux-boutheon.com/-Le-Nautiform-.html;http://marketingressources.partouchetechnologies.com/event/TARIFSPISCINE2018.pdf;6 bassins pour 900 m² de plan d'eau, jacuzzi, toboggan géant, rivière à courant, solarium, ...;"data:image/jpeg;base64,/9j/4AAQSkZJRgABAQAAAQABAAD/2wCEAAkGBxMTEhUTEhMWFhUXGBcXGBcYFxcYGBcYHRgdGBcYGhgeHSggGholHR0VIjEhJSkrLi4uFyAzODMtNygtLisBCgoKDg0OGhAQGy0fHx0tLS0tLS0tLS0tLS0tLS0tLS0tLS0rLS0rLS0tLS0tLS0tLS0tLS0tKzc3NzctLTctK//AABEIAJ4BPgMBIgACEQEDEQH/xAAcAAADAQEBAQEBAAAAAAAAAAAEBQYDAgcBAAj/xABBEAABAgQEAwYEBAQEBgMBAAABAhEAAwQhBRIxQSJRYQYTMnGBkaGxwdEjQlLwFHKC4TNTYpIVc6Ky0vEHFpND/8QAGQEAAwEBAQAAAAAAAAAAAAAAAQIDAAQF/8QAJhEAAgICAgICAgIDAAAAAAAAAAECEQMhEjEiQQQTFFEyYUJx8f/aAAwDAQACEQMRAD8A9j/4akaLmD+swLV0qgZbTFl1Ndi1tdIbwFX+KV/P9DBQrSM5sqaB/iA+aB94EwtUzjy5dbu4e3SHE7wnyML8FH+J5j5QyfixWvI5r1ze7OZCWtdKjz6iCBVTBrKPooQF2kxLu0ZQHUb9Nd4hsUxaomk5pign9I4R7CDGLaEnlUGWmL45KSkpWchPMg79DASO2lKhNipZD2Snqdywjz6YhoypkWiqxKjlfyJWUVV2neb3iJf5nGY9ekCVvaGdNliWUoCQQbAvYNuYAyR0Ew/FCPLIFrZffBKZoCgnQEaFmf2jGXhcoeGWgf0j7Qxyx+tG4oRzl+wZFMBoAPQCPk+jSsFKgFA7EPBVo/PBaQvJ2T6JUykJy3l+eif0kdNjDvDK3vJKyx8aP+1WhjVxHMqWlIISAHIJA0JGhaElHVDwmuVsyxIfhny+kSZII4/kIrJirKBGp03ZtujwjqMJOubh5JHEfTQQmOldlM1uuIuT3R3V6Wg2fh+RAWp8pAPiB10tGKsLX+VBA5WeH+LyCuSlCLkBA5aAP9YtSIpt3YiKZKUBRcAln6wOruj4Z5HrB6sNnFARkSwJL5rl/SOEdmpivyy/VY+0ZpAjJi9SBKzKEx1qIZlEW5MDGkjHKhFkqKR1BLE+ZguV2cUFAqyMNQ7/AEg2rw4KSQCn3iUoW9FoypXYJh+PzEkh5asxzEFLObD9XQQdV/iHKqlCVhQOYZQWd1APz0hanCUJIdSLMWe9i8MsZSieXzAB3/bRvqSfZlmdGvcyVWyTpe+7Dy1H7MH0KAiUogk8TAnUizesTknDlJJIqFAbAZvvDldR+HkCruDmZ/gY3CmqZuaadmq50SvaarCpYSpTEqKgliQpjcPtqPaHXfBQUh3OhIQx+bR8l08puOUmZyzoBbyvD5fKNIT48lCfKRI4cik1mm50TxMPUax9qJFECgpVw5jmDqDAg5WtsW94rx/DjSjkf/kPvHwV0nNlFHJfX/DS3zjl/Hf7PRfzYv0yJp6WQspGbIAHUSrUnYD4QYcIpjpO/wCpP2i5o6dC7mmkhOjhKXfya8bTsNkf5Mv/AGJ+0ZfHf7A/mJ/s81p8NQZhlrW36VBiD9o+/wDCUqmZJSyptVEAJHxvF1PwyR/ky/8AaIBmYdJGkpHtB/Gf7Cvmr+yfV2XP+Yk/0n7xwrsxM2Wn2I+8PF0kr9A9HjPuE7Zh5KP3hHhkh4/Lv/gkTgM1JBIQoAgkOb9NI6xKjUs8MtKPUfT92h2JD6LV7xxNwuYf1KGxu0Qk+HaOiD+x2mj+gk4/Tn/+g+MZVeJyVGW0xJZTnoGhkqlQdUJP9IhbilDLzSWQkfiB+EXDG0dSo5nYRUYhLKS0xOnOBMIq0gKchyRv0jTEMIklCj3aQWOgb5QiwvDpQRMmTQSJYzanZLnQ3hkvERtqQZjakrWTrYelvvEliS0jcQOvFlT37hOWU5/MW/vAqqNX5lH0AEWiqRx5cikzCct3Ae8Dy15Q1vcQUulT1PmTGNBIDeECKHOz8J5OhHoCY+hauSv9sGBMfYxgLiOyv+kfWOu7V+n3V/aC4+ExrADBKv0p9yfpHQQv/QPQn6xsTH4GFMYlC/1D0SPvH6Ylbf4h9AkfSNs0crVDGYChRJYrUTfkLW6QQKYc1f7jGEpXFsz8+nKDM8KY4NInd/8Acr7x9TRo5fE/eOu8j73kBmPqKVH6RHXcI/SPaMzMjnvoA1mipKeQjFctPIe0fjNjCbPAjGbA5sod7YCw5ecEECBETHUVkeXl+/nHZnRmBMJDR+JgU1EYTa+xbWNRrNqfxLMbqVActRQkuC2rkNY6HyjGpr8rZgQ4cWNx0Ohg0gqwlRgVPjJ5BvhAxqlK8IPnHaZgSCC+ztqYVySHjBtlZh8xIlDiS+pvo5j4upQdFp94X4UlCpa1h2yOxbyj0CR2HphLl5jMzKy5ik2chywy6QFmSLr47fRBzlg7iBJsUtB2cKqydJUVCXLvYcV1AJ1toX02h7jHZCTKkTJiDNdKXGbKz6DaD90TfjTPMliMGi9/+tIXRLn8WZLluEJZKr9Tw/GENLgswrp0AJaoKVBw/ASX8rJPk8K8kZDLBJCeQm8e59mpCf4SQ6Qfw06gcog+3PZOTT03fS0lJCmJCibMW2G7Qnldtq6nSmRnSO7ATdCSdHDnmxEQfZ0x8Vs9qUqAcU8Un/mD5GDlQuxQ8Un/AJg+RhkFsIr1cCvIwmwOYwWOZH/bDTETwq8jCbB9VenyisV4k5fyJidKyTZ6QAAJqmADAAsRAdRNDw37UU/dT+8b8OakZj+lYsPcQkqpQ2L/AFikVZxTVOjFS4Gp1MSl+vvHSxHKMhcKUEqsyibeu8O3RLi2wgrj4ZkA1Amp1QT1Tfm2hgOorygOtCk8nAD+Qd4XkguLHBmxyqdCCRiKpjZEm/7vyj9OrC7bDU9eQ5wbFcR4agRyakRLVNdMZwQPMP8AWFhxOcXBUAegEJLIo9jQhy6LlVWBGEyuES1Pi6mIUhJUA2mv+pt/XmY5qKsqQgsQQcqv9T8QLAMOXpE/yEOsDfsfitSC5J19NPn/AGjb/iaedoi58pc1aJYO+byZn9vmYed9MQlixbQ5WhlNyVo0sSjVsazMVSkEksN45OLjMUAEqDukBzYOejNu8SFaoqU/ryvvf96R3RyMoKuvJ9eptEvvd0iiwxq2z0IUysoKpslJIcJKlZriwICbHbzia/8AsSTmtdJYgt1e76WHvCSoWSSH5EX2d/35wLLpJaleEq6BRAPVwHB94PKY6hiKWhxlc05UJBOwcufLnHddNVL/AMctfwjV+R5esCYbhsuVNlzwSEoWl5ZJVZuI5tmBisxPGJRXl7hCwVEOQljY8VwXe/vDqUrqhHDHVpkdLxGZMWlCFBL2AsW8zqd7xqkzQeNWo2PR4pcQmSu64KeXLXmSQtKUgi+zJELKxH1+UWXRzzaT0VPY/stT1VMVTgrOGAIWoCyAbh2Ny+jwkp8IRlQW1UlL6jiIS/xiq7GVclNOsGbLC+LhUsJUwlgAAONT8oVykgS5LhxnQo82StBU3o8cUZS5yTO7jHgmbGgMvMe8LIqEpPC90hwtn2/TpBFHhEytXOWVfiJQCMyE8TvlAGiHbUCMpcwKmhRuhU9IUkvve408LQ0Xi5RVVJQWzIQA2w2aGlKrGgk2TWI0wkqBUnxy0zAy3dLhF+Rf5RSzMOlDBZszu0ZymYoKYFT95wnNq7NEZVLKgjU/gywPWaLQROxpaqVdOokJQlYbqFKjSVJf2aElya/QQMIl065yUbSqcP1UgKWejmPY3DIuLf8AjHhlPM4ZwJvkl/BKfvH6VXTlZTmYbJKuJtISXjFDY5XJnqmFlP8AF1pJHikD4PB/ayaP4SbcaJGo/WI8gE5XeLuRZD+bPGip6t1E6n6xn2PCWj0KQsDCl3F0K3vcwowxSf4rDrjhkPtY5Ve2sSkqYW1LZdP6YWLUSJNy7qbb8trw8I+BOc/M9R/+S6pJoVgLSXWhmINnvve8eXdpCFVU8hQI7xTX5W2j5iSyUqc3YN5W0GwgL0G/P7xqqIeVyo99XjUpzx7WsYFrMUlqVLIU7LBNjpDDuy5vsW+kA1cshUty/GIejOzSqxaUQQFHQ/lLfKFuF4glOa6iCzMCdoZYhKJUVAkAJNtt4V4ZIzFXmN22h0vEVvyNcYrUTJZQQogsCCkga84msQwAO8hUwD9KkKYcgFcvSKbEKawLlgltf9UFTcNSogl7ADU7CMrQsoKXZ59P7MTSOKaodMq/nGdD2ODqEwqGjFOqi7XcR6NiIaWodSfcwoEhWcKTcghh6vG5MX6opk9R4fLk5kCdM00IsnmRaxgHGsEpFqKpk5SDuzb6WymHVZqvjKTuwdrsY2xKQAhIKBLDm7eK2/zie7sdxVVQgo6ahTLWlMwsRxKu/QAtaF02hofyzleTH/xitpky0KCpqULQR4VAAGzAwDi2HU0xWaWiXKGjAwVKmLLG2ukSs+ipW4Zij6H7RO4hRICwQSB5aj6RczOzqD4ZiR6wvrOycw+GbL8nb6Rp8ZLskoyi+iWVLlnilkuPiD4g/wAo4n0+aXnBGXOXfVwRodRaGszApiGS6S+hD2uxu2t4HKAhK5SykZhnR0JDZQTofCY5ONOi0bvaBcHk/iKJ/Khr9SAx9o+Tgztb3+UE4YDlW+mUfM/cQHiExi2rxVSrGyc43NAJSXvDCuQEosDc6l3+IjOnY7O0MMRQVMC3ppl6Hzt/6hYR9hb9CNIJA1c+sMqSjZjd4Io6HiQWuQo/lGhbQ6wepHFpHXCPtnPkn6RhTA6ah39WaCu7AMsDmfkY5pk8R9IKKeNHmflFSDNKocI/mT84ExAaesH1nhH8ydn3hbis4MLH4p+kE1Ps5F2BHKKSsVkkS+enw1iSpagEpsoORyO8VXaQtJlN+rn0ic0nJHRitQkTi1qSrhWoXfxHXnG8uumuVFZJLOSxdtIGml7kEecZg+UX4xa6ObnNPTDkzlW6BIHklWYQJMmFKZuYuVhdzzLmP3exqghQZ2e1tYWUItDwyyT7PmG1Dpm3dXdodXtblH5E5ATaYgqYEsogqU3UfDaO5KFpTNFmYNpq+7b2haMPqD+RJfyjnnjTSOuE2rGkus/EW4uUy9VN+XyjpeIpGZwHA2Wk62gWVKnCYPElBygsA+m3PlDRakptmmOwB4bne9usBwVjxm+JxT1YJKQ3hOigdukCLrjkQnKCOI+IcgPL01gaZVqExkrLGxBbS+sZLq1kIUUh2OhZhs14osfiTc3yDq2dmC+FtPzJVvYO/wA4wli17bxmqeopLhexa5feO5S7XSfl9IWUKSHhk2z+hYCxE3l/zpgyAq/8n86YB0G1VoryMLcGLZ/NPyhnU6HyMLMLT4/MfKG9C/5BOJK/DOm3zgvPAWJ+A+nzgjNf0HygBMMT8B/e8ZUimMaYieA/veM5IbURgMSSgP4gvymbdFR12nbu5bF7q6bCMlrImqITmsu2mxvAvaapWmUhUxOUDMzEFyws7+TW3hRQDHcREnuDMQVILAsQHvo5iUxftGkzFd2kpQTwpOqT1/e4gavTPqVhRlqmaBEu5SkAct/XnBE7BKoEBTMEBSuFNuSfR2520jmlbY6k6OaTGVLSktuQS3VnhrT1qivwkkJKNDzf6iEPcTEnKWJ1s1+obq99IaU0kpmAKUcznhGljlIJ5MAbfDWAoSYftrs2rpczxCU+uxBHmPzfOFeIIzIClJYJVZJGgIYudw+XfaL5FKiZLBSFBQcqGZQNm0To1x94nsaou7JSDmSUKIL3BKQ/RgWPzjPE1tmlOMuiZp0slXUJD6txAae0LqoqORBuU8Dszqc/2EM5iGlqbUs2+ocfL4xOVhUlQU/Hm4n/AFbKdmY7Qi2qFrYznU5lpStKeF8wVfiuSASdLNeKXBZUuaolaO8SpObKMwA4g9wbWcHrCapxiQod25WAAAA7IIZyP1A3t06wVgFKjvFIUvgBsh3BWVAJFja2dRvbL1MFNqxqVo5NVLQpGRCQwmaa+Kzvy0gebXjNqIZ1MmUkSnygGUTZk3z2IicxOjIOeWQU8nvbkfeO1uSRwJRk6HlHOTckgO2sHS5ZXMSiWRnIJA9OUTeCVLrCCxSs6nUEaxYYnixpghaEIUo8PE9hrZiOUFZb6CsHtmq8Fq0qSZieFJclIG3VzCvG5KlJSQCWSdPvD/Cu2syp7yXNRLSMlikkFz/M9mjTCsXEpKkd3nKiGDhuTGM5NO2OscGqiyJwxLlHmPnFV2oA7qU/M/KMcJwdAXNmKllJCSpKeMISSToCL9HO0M59MmbwreybXZoDnckzRxNRa/ZEYY/dsS+usfu6DO7G+1ob1PZ6dK/EQhUyUu/AHWkuxdOpHUQFKpFFCkqCgpOyklJ0cFixi6kc0oNPYvIMdylwLLmRtng2K4lJhE+WtJQqXLKjqSGzXe7esGqppX+Sj3MSVPOIUCIrJE3MkHpEJxOrBkXRn/DyhcSgDe4Udw3pH4hH6G9THUyMjMJJJiZ0nCcPkKUM0rXUhTE23MOpFJJCQlOcBIYDhUw8yIUyVOoQ0QqGBSuzGvwWVMABmrHJ0I+gEKV9jpe1SR5pP/lD5SozUYNszSL44zK2JPk33gaoxMHLwk8ST59B1jpdOrvppA4SFN7RkJZBlvstP1gWUYRU4iouBLUAxsR8dIX4XWqAUEICtHzf3MNazx+hhVhyWzenyhq0Tb8jevqZmV1S0AMDY3Z4/VE+bmAOV2GgO4tHeI+D+gf90drklSg1+FHyEBDGVfKmBBJmA8TMA27c4wo86pmQzVAdCb3b0hjiP+Gf5if+oQDTTEJmOpQF9yOcGgPQkp0kzVO5YLNrE2LeZ0j92kolFKFTuZyo2QGHuTzjamI70nbj+RjrtfVpTKQSbAqPowgANMEoAVoloZJKHchwGLn1vAnadKpU5MrMDmAJUQ2r6J39Y5wztChE0JUkHLKzvuwBdn2v/wBMCYxWGfOQUgPlluHa7ZjbyBPtCpKzcvHRlOlS0F97bsebKUNduFPK8cUeDmaAtNiLuAwBMzMWAHIn21hvhuFS1qzTCDowdknmCecOcRny5IAZyGKU9H1zJt6RR0iaxtq2IZOeTMzNa4UAHZPMBrHp7QDi8lJQgy3IDnc2Nj57H0irw6ol/wAKqZOYrzKAJ8nAEIcUCM3AwlzLEDQElnHQmx6nziUtopFUed4nKOTklOUm9i9h5honcTkqSMykKDuUqbhJs6QWb2vFdjC8pYjXL7oWUqPwf1hRjlGT3ZUtRSc6s2ZJS1gMiXBVrqWfaOWC2UomynIgEK4ieXXb79DFt/8AFpD1alainUxYHKSoXD7kBQccveSk02YpUlnBylJLMUixYliDdzYPDTs7V9xUFsmXKpKgS6VAi6cwBDnnpaKezM0nTlzAhCgCEDLYXI1uecZCUoMAkty1D7xRS6NKwCgKS5LggFIOwCkljz8o/KoiNQOfhItHVGHI8+cnB9EiuUUqzJLEEEA2L9OvSD6/FTMCUKBBSXc2e2oGwipoqNPdkqSC6iNLMwiU7R0CZahlfKX4Tt5GI8XGWjp/lDZnLMUfY/EUS5qUrSouoMUtroNesR1JUMWOmx+kOcK/xZbFuMX9Y6VJTic1OEkeuYo2RbPoeUKKS6l9An5mGuMnLLUXB036gQlp1EKVZwW06f8AuIHcykpCBLSCHsem8J8ekDMhYHNJ38vrB9LWoyJBJBA5GA8VnIUgsoOCCBobQ8XTJ5FcWeXViCmYpPJRHxjRAt7Q3xzD3UVDe8L5Utg28VXZxM5RK3ilwfilEbpLjyhElB3tDDCajKT1BENJWhIyqVh0zUjcdYxUg9PcfeMid946mJ0OxDiIyjR2Y83LR3JnBJ4lAA2+LwylVso6TEf7k/eJ6puInMSS1m1hS1npjvcXHMXjNRjx+pE1F0d4k7Zcw+UdUfaaslOBMUocluoj3LxhuDZ/Sk/HZSSM0wuxte/7EYLxhM3KJeZXECHbaEeHdppSp8uSaUJzqyghWZn0LEPFNikoJXKYAcXLqIbjQvNs1UZrHgA81A/SF+HhRK2yi41STttDqcmx8jCzAltn/p+UNWhVLy2Z10lWQnMCwGgA30gMUU9QzGpLK2ALh9OQh5igBlKLbD5wIiYlEtJKwLDf6RN2iypsWVGHZEhRmrW6r5m828oyGJSpalOE8L8vXXWE3aztYhu7QQcpc8TH5GIHFsSQslSwUuxKHd7vvdPvG50iU+9FHV9oiZmaWpgcxBDGxdtbGAMUxictu8TlSrRJJYHRQD6AsDlOkAYVInLUnupeV0vcEtmdvgx/9w6x/s5lTJ8Q4VAubuptNszM+zkxPyfYKJ6vrVoUkKUQShkkE8SFWF99w55Q9pJsxs+pGmUhgDsOrDT/AEvCvF8PCEI7zjQFIAyniD3KH/TlHprBNfWZCgJKdypSFMZKQQDd8pSkMnKdHEGKaDRTyceVLCSUBlkDMlVvCo2bViA/V4aVfaFiApB0clQBtpbmd21I6x5/jk9UhLpcypmRQKklC5cwKCuNJ0Cxm9SYa1WMietWS2YJABIYoayiLMDc8wW6QbG9FBX4okpYAEKAVl/SrQkel/JQ5RpOqJawEpKSCkggEcyDbzeEcqrlJQc9g6eItkcnLYaWJBLMWLg7QixZE6WpMhJZJJyFCc3CohThWrgglh6PAlLxAuz52sWUqv4kKLnfiAKT6sT7wvw+vlomBdQTNcXSGUSwLAaWBCSYD7QyggoLzC6QxW9wLM+5bcdYACu7JG5GU6Euq2+9/hHPHsqUFHgM4JE4IUMhSDm4QlZ4rm7Aki/XzYdVCuWsTFII4wSLuHdTs12IVpy6xX9lsS7vEF06jnlLlhD7LYBQLaEjMoFucWdbhKbFICk8tiG+CvpHR9QjZIYXPyhzbqLO+52bZ/q8PU02cO+vn8IFxHC0BCpku2QAsNGDOPUfLpGuCVoXwuCr1+DwY3F0K4p9g1dIyIA6k7chEL2pVxI9Yu+0dUgKCAbjW3PrEyadMxaswBIZn1a7/SKRW7I5ZqKpElJoysLULZQCRzuzjyh5gCXMsH9Y93EMxQpSoBIAcF2384Fw2l7qYgFwCr2GaGcaevZD7OXfo9JxE8Bfp84Xhgm0cVC8zBMx3IsbHno0Y1SzLBc63SNvOItbo7U7QzpqcrCc1kpDecaz6dJswg6lIMpD65E3Hle0ZTUD9XuDBSC1oiahQUPU/YiFUxDGHWJ0RlzFi2VXGkguP9QhJPXFnvZ58lR3MZozpFMY5TMs0coEOuiT7HtBQKm6WS7Ewbj1KlCZbA2BT9b/ABgvs0hpDndR+kY9o7oT5n6RKTs6MWiZnENvE5jjcPmflD2oU0TmLTHIhUdLAu9UnQka6E/pV/aDZtQsiVxKcpmOX1/EYfAQsN/35feDFLZMv+R/eYowyex/R6VgGDqlV1OnMuaEhU0hr6cO+gdMX2JzlFUt0FNy2Y66atptC7sfK7ybPqWsSJSP5Uji+LD0htjJ4pfmfpBk9iJMJmd6QXKB5AmFGFLCpi0BZCmCiAQCRo/ltDmZPTdrwmwk5VTCwewJ3ZtH5RvQa8g+tpUhCi6iW3JO/KPO+1PaVKB3aUscuvDfqTeKnthjaKeQo6qVwIGt9dto8dEqZPmd3LBVMLktzGz7ARKTvod6dI1kZpkziBUtx6MC+2ujcor+x3YxK0iZUjMVZVgHYWIBHv7w2wrsyiSiStQ40JY2spRDEnr+94byTxMC3TaDCKSFcdn6RTpQs5UgBlCw2Ys0Ku0FYFpQE8RGYn8oSi18x4XJ5PpDVOpcPqGtex3gWuwkTW7wMBcJRseZWbn4NtGqxvVEhXTc5KJjmWlpbIzKKpkxBAyjI4SlKhz1MRtFVkKQpQUUJKQtCAEJUtDIDqUkgtYlwq+0ej1GEiWGSpRykqUc2UMxUpLaK4QxJuxHOIKookpSDMUod8e8KCGZyFIWQPPw8vIQsnQYjqdXpmSVpmTEqTkWhCFKSSNwp0hH6Q3CbakPCHD605cliojLezpOxUGbzLuw0aMaX+GCJ5QGUDkQGUolJJJJVmAszORcAWcwAirMpZIZ9LjZr/vzhG9haPRZVKDIeZLC0paxBCTdkguQAQXTrp6xK9q6khUvupgIOZygscwUxDpOg8KW2Ec4l21mzacyMqU7ZknUdRz6xhKrUyaaS0tBmLChnUASlOYpIG++/wB4MnoFUB44sqmOHOUMf02uGG27+5uTBNLQpV3ZVnVYlbJPhDFGVt2IcO+h6Rrl4lp0JJbcgqDKGXcEHXneMsMq1hWQHKopYLdyAxIcNvYbM0Tx7lsrNeForcOpkqnyZ8taVKSS5NiWluUlLDjCg7bhRi1wbFjUg5OFCfEp34wRZFrp1c+XWIGThgzJBUqY4HjJXxAFyx2vbkwigkCVTU85EtQ8CgUgulDpLh91M3vHYcd7GNXjMtE2bKIUUjVg+oYtz3fnEFT4tMlTGTMYCwdIUGFhqLFmhpWzUiatv8uVb+l/eJjEpg7wkFw4HwYwuSKVMnHLKbaK7+KVOOeYXUbE22tHVMn8RfkmBsPVwp8oKpS8xf8AT8ucW9HI3s1KPxE/yq+kYzkjv0c3S3PrG06ZlmAsTwnTz/tG1KlRWVZQOQ1+IhZSSRTHByaHFRKBALB8yb+sH1dKhSkZiygAUqI4SeRhUqpuEkNcb/2eGkyatShkHAwBz2B/piCVuzvcoxQwUbfbSFtbWoR4lN039o6qJZbiWfJPCPvEvjFWPCkBhy++8UULIz+Sl0ZY3jJmDKkMke/r9oQqvH2fMjGXMi3FJUcbm5O2bEQXRSVTFBCA5Nv7+UCJiz7H04QhSiD3iiwDEMkddLmEehkrG0uQJctMsflHx3+MAzGWoD8qXJO2l4PqJZPjLDkPvE3jWJAEyUnKGuWd+nSJ9lo6JvE51yxtdvKJeuW6neKWqkZvCpB6ZgD7KaENfTLSoOhTfylvcWjJbOiwebKlpXkJWCGuyVX4bs4IHvGtVKSySJqRwSxxBST+Y7AjfnGVbWqEwiyk5jYpSoW8xaOsSmJAvKCrSwwUpLcD8zzhh1ej+hcPSmVLTLQFZUhh1u5PmTeM6yYSUuG1jbvBvAtaTw+Z+UTuyjjSC2J1UfIACAadipTh9P2Y272AaKoDqL7t8IbtAf8AJEn28pZk2olploJZLJIBZJJ4lE7MPnDjsX2aFKFrJzLXZxsnYD4vzaHi57gsl+scIqZzAJSQBvYfGEUbNpOzWqdgCNyfhGEunDvnHkbRhOnD885IPR1H4PGBr5Y/KpetyAB8S/whkmByT2FhQSu5AudxBJnDY2+EIpuInZCE9WzH4/aJ7tRiaxKIJUQbu4SkelteTbQX4xsnzV0UuKd0tBQVO4KSxvlUxUrnHl2OBC5kxeY3U2X8yUAZUW00CR6ecC0mMTAkpJUZZLEgsx0D87DSG9Bg6J0ozCtKlAHMCWyXfMSRoEi/k0Rk+TGECsLXLU5D5nKbgnKL6RxKwqcpimWohgQcrgg6fWLXBMHTOcy1hfdgBnLXBLptpyflDKZh05DjIRqzEN4dAx1ikcPL2Tlma9Hm0+hmmZl7lTtZIQEltHYQYjDKhUsAIKijQAAs9ykK2F3eKLEET0LM3KXT4XCgoDLe503jSgxSaQSVqGluUL9Lb42F59W0LZuEVK8qhJIVu5Tq1977tHNN2WnuFFk2Tu7bA7eUPFV0x/8AEXq+p5NGE2pmG2ZegDX52EOvjVuwflX6ChTKlpZShYanofveJqTNUJylLUMqrX4nUGAUpJe1yOdoKqKeao3So66+bbwNPo1pTmZPk5cCznlqRvBlFL2aOS/RhV107PNtqEsbAZQl0kuOV2+0CZSEAMx384GKZpmKSgKVchhfQ+0VtL2ZqahlKQJYsLt72iTbloMkohGEkqQjc5ducMqOWQqZmcXS3UNDPDuzolhIVMJyhg1vfrDOXIQjQX56n3i1uqORKKdiNGGzFrCg+ViDmt5N8YbU+HN4ifS3xglU4RjMrAI3Gw8w+RJSnwgDrv7x2qaBvCGpxwDQwpqMaWqwh1Bk3NDnHsQYMk6xJzZljBUunmzTYEw2o+zY1mH0h1UUI7kySEpSyyQSekOsN7KTVsVnKIp5CJUuyEjzggTlK1sOkI5jKCMaDBZErbMqOTjSjUdwhICU6m5Phe2ybmC0qAiXlV4E6dOJ4S7HnsA3p8YC2PfpDrFKwJdROnM77C8RNbVK1mS0F3JJTfU/mTHGMVxnKu4SNA2vUx3Q4VM4ScyUbqSWsS+3nvGWiqj0CIlSZrsFoYEuCFp1AZiB847lYBNfPInMOQzIt6OHippsOCWyLzv+oB+eo8oJVRNrL31R/ZjGsdJkPiWCz1p405lZiczAnK25FyHgCdQqKzmSWtqGuEpG/kY9BIY2WRbRQ69Wj7NSrUoSeocQdGXJFPLqVnwp97R0ZKzqQPcxqCySo6APbWENVj61WlDIL3N1fYfGEou5DxaEoS81QHVRb2EAKxSUk8KSs6XGVP3+ET8yeSSSSTuTcwKusJ066+XKKKBGWUoZ2LzDYEIHJIv7l4Xzqxy61Em/iUT8Ht7QomTi1zyttBdJhylgKcAX5kw6xkHmfSNl1wGnTQdesDzK0n46mN52HJSl3UdOQEH01MiWnOUg+n1MNUUBOcmLqekmzNAQnmeEfcxNdqZQlmYjvCoBu8CuFAV+TJuo6+8WdRjBHhSPW/wiaqEpJPAm6sxsCM3O+8QyJz0Mpwhu7J8YERIRPQosu7DVgT+7XgSYiYiWpNwlRLOQ6gTcEOSdDaKYuYyn07hidYX6f0xvyW/QZ2cq1SJbgC9y/qB7OINxfGnGZUssAoLCVEFrFK0/6kkP5ExPLrhLRlylRKbhSuHS4G7dInK7E5h4SteU2bMSQHFnPp7Q0nGKqhsXNvTLWrxoVMooEwuSAoEAZhoVOC4JD2G8MKWskIQEgnROoJ3jzSknlCm1u3oYocK72aQHQxGt31tZvrCwWN7HnzX9jnF8b7tWeWSrKt0unVBH4ksn4jygtXaFCmyhRBCLi+5JtGkvsylQ/FVmBLsIdUeGypQAQhIbpB4bJ/dr+xDLp503wy8o5qIbV9oaU3Z8ZWmqdwxAHlz8odIEfVrgcUL9kmDUlBKl2QhI9IOzQFMntAVTiJTDJE2MaipAhdVYkBvCipr1KfaBQkqP3h0idh0/FeUArnLXufSG9BgeYBSlW6aw7l0UuUHCfXU/2gOSRuDZM0mCTF6hhzMPKXBJUu6y56/tzGtTVqyqKbMktz0hH2ZCiFqWcx4bkkqNi7kwOTY1RRRKqALISw8m+ECzlE6mPi5kAzagk2gf7D30GlYEcTq5KQ6iAIwRJvxK9o6nYbLKhmTmJSq92DNoOrwjkiywtimtxpUw5JQNyxI1vyGo84ZUmFpSjKsZjr5dAekFyaVCPAkDy+8aEweQ+PCltiqdgyDoSn4/3gdNBOlngU/kcpPlDwx8JjcijgKP4pQYTE3ezjkL8SfvBcvEG0KhrZwofG8EqAOsYLkJO0G7Fqj6qtcu6TYC7pPsQ3xjEJTlGZCnfVLkH/a8ZqpEm4cQIqmI0P0g0E//2Q=="
Centre Nautique Yves Nayme;Lundi : 8h-13h45 et 17h-20h. Mardi : 13h-21h. Mercredi : 9h30-21h. Jeudi : 11h15-13h45. Vendredi : 11h15-13h45 à 17h-20h. Samedi : 8h-18h. Dimanche : 8h-13h. ;Adulte : de 3,85€ à 5,40€, abonnement de 34,40€ à 44,40€. Moins de 25 ans : 3,05€, abonnement à 22,75€.;Piscine chauffée et couverte.;28 bis rue de Terrenoire 42000 Saint-Étienne;Tél : 04 77 42 04 70;https://www.saint-etienne.fr/sports/piscines/centre-nautique-yves-nayme;;1 bassin sportif de 25 mètres sur 6 lignes de nage, 1 bassin ludo-apprentissage, 1 bassin ludo-enfants. ;http://saint-etiennetourisme.com/wp-content/uploads/cache//otsaintetienne/images/460__460__auto__~wp-content~uploads~noesit~medias~503322~piscine-yves-nayme-13.jpg
Centre Nautique Roger Couderc;Lundi, mardi et jeudi : 11h-14h et 17h-19h30. Mercredi : 11h-19h30. Vendredi : 11h-14h et 17h-21h. Samedi : 8h-17h. Dimanche : 9h-17h.;Adulte : de 4,60 à 5,50€. Enfant : de 3,70 à 4,40€ (4/16 ans). Demandeur d'emploi : de 3,70 à 4,40€. Etudiant : de 3,70 à 4,40€.;Piscine chauffée et couverte, espace spa, bains à remous.;Rue François Gillet 42400 Saint-Chamond;Tél : 04 77 31 42 31;http://www.saint-chamond.fr/page_centrenautique.mob;;Piscine à vagues. 1 bassin de 50 mètres, 1 pataugeoire, 1 toboggan de 32 mètres. ;http://saint-etiennetourisme.com/wp-content/uploads/cache//otsaintetienne/images/460__460__auto__~wp-content~uploads~noesit~medias~74025~bandeau-nouvelle-piscine-15817.jpg
Centre Nautique du Pays du Gier;Le centre est ouvert tous les jours de 10h à 19h. ;Adulte : de 4,40 à 5,80€. Enfant : de 3,40 à 4,50 €.;Piscine chauffée et couverte, piscine enfants, sauna.;550 Route de Gravenand 42800 Genilac;Tél : 04 77 75 82 42;http://www.piscinegier.org/index.htm;;1 bassin de natation 6 couloirs. 1 bassin d'apprentissage, 1 pateaugeoire, 1 toboggan, 1 espace de détente.;http://saint-etiennetourisme.com/wp-content/uploads/cache//otsaintetienne/images/460__460__auto__~wp-content~uploads~noesit~medias~107628~100-1488.jpg
Baignade Naturelle de Lorette;Lundi, mercredi, jeudi, vendredi, samedi et dimanche : de 11h à 19h30.;Adulte : de 3,50 à 5€. Enfant (6 à 12 ans) : de 3 à 6€. Tarif entrée entre 16h et 19h : 3€.;Aire de pique-nique, parking, bar. ;Zone de détente des blondières 22 bis rue du stade 42420 Lorette;Tél : 04 77 73 30 44;https://www.baignadenaturelledelorette.fr/tarifs/5594/ouverture-de-la-piscine;http://marketingressources.partouchetechnologies.com/event/TARIFSPISCINE2018.pdf;La baignade d’été de Lorette est d’abord conçu pour animer le site des Blondières en créant un nouveau cœur d’activités.;http://saint-etiennetourisme.com/wp-content/uploads/cache//otsaintetienne/images/460__460__auto__~wp-content~uploads~noesit~medias~4770530~4017038.jpg
Piscine de Saint Galmier;La piscine est ouverte tous les jours de 11h à 19h.;Adulte : de 5 à 8€, abonnement de 35 à 65€. Enfant : de 3,50 à 5€, abonnement de 25 à 40€. ;Piscine plein air, piscine enfant, pataugeoire, aire de pique-nique, terrasse.;Parc Municipal Boulevard Cousin 42330 Saint-Galmier;Tél : 04 77 54 01 99;http://www.casinosaintgalmier.com/evenements/details/5594/ouverture-de-la-piscine;http://marketingressources.partouchetechnologies.com/event/TARIFSPISCINE2018.pdf;La piscine vous ouvre ses portes du 1er juillet au 31 août pour une pause fraîcheur tout l'été. ;http://saint-etiennetourisme.com/wp-content/uploads/cache//otsaintetienne/images/460__460__auto__~wp-content~uploads~noesit~medias~206595~terrasse-piscine.jpg
; ;;;;;;;;
ImagesPourLesCards;https://storage.googleapis.com/gogowego/596946277dca52ce28b1465e80828f6f_card.jpeg;https://storage.googleapis.com/gogowego/9e0ea2d0c683aedc0d8101c230735a95_card.jpeg;https://image.freepik.com/photos-libre/ladder-maison-reflet-bleu-belle_1203-4859.jpg;https://image.freepik.com/photos-libre/main-d-39-homme-pointant-sur-la-carte_23-2147654296.jpg;https://storage.googleapis.com/gogowego/304831d471a7de252e6182df9fba7412_card.jpeg;https://image.freepik.com/photos-libre/profession-etudiant-a-domicile-internet-sociale_1286-304.jpg;https://image.freepik.com/photos-libre/jambes-de-famille-sous-marines-droles-en-piscine-caca_1253-1487.jpg;;
